Name,CCAMLR,SSMU,Area,LANDSAT,Slope,Latitude,Longitude,Location source,LocVerify,ColonyStatus,Current size in m2,Current abundance,CI,Precision for current abundance,Source for current abundance,Date of imagery/count used for estimate,Breeding season of previous census,Previous population estimate,Precision for previous abundance,Source for last known population size,Population change,Source for assessing population change,Notes,
Acuna Island,48.2,SOSE,South Orkney Islands,Outside Landsat survey area,0,-60.7612,-44.637,Imagery,YES,Present,4805.86,3079,"-16,895,242",N5,Imagery,2/25/2011,1993,2008,N1,Coria et al. (2011),Likely increasing,,"This location is 1 km east of Acuna island and clearly has penguins, but the imagery available does not allow us to distinguish between chinstraps (which are more likely) or Adelies.",
Adams Island,58.4.1,,Unknown,Not in database,0,-66.5459,92.5486,Imagery,YES,Present,143.39,76,"-5,293",N5,Imagery,11/12/2009,No previous estimate available,No previous estimate available,NA,No previous estimate available,UNK,,See Southwell et al. (2013).,
Akarui Point,58.4.2,,Queen Maud Land,Not in database,2.19,-68.4999,41.3901,Imagery,YES,Present,185.94,106,"-12,350",N5,Imagery,2/11/2011,1981,211,N1,Hoshiai et al. (1984),No change,,,
Alasheyev Bight,58.4.2,,Enderby Land,1,3.24,-67.654,46.109,Imagery,YES,Present,1659.49,1080,"-5,022,005",N5,Imagery,3/25/2009,1972,1000,A5,Wilson (1983),No change,,"Unclear if this location is the same as that previously referred to as ""Alashevey Bight""; if not, this is a new colony.",
Ambush Bay,48.1,APE,Graham Land,Outside Landsat survey area,0,-63.184,-55.393,Imagery,YES,Present,27225.25,17621,"-1,063,028,934",N5,Imagery,1/12/2011,No previous estimate available,No previous estimate available,NA,Noted in Croxall and Kirkwood (1979),UNK,,,
Amphibolite Point,48.2,SOSE,South Orkney Islands,Outside Landsat survey area,0,-60.683,-45.3415,Imagery,YES,Present,11937.18,7660,"-455,312,679",N5,Imagery,2/25/2011,1983,5000,N3,Poncet and Poncet (1985),Likely increasing,,Spectral information was used to distinguish Adelie penguins areas from chinstrap penguin areas.,
Anchorage Island,48.1,,Graham Land,Outside Landsat survey area,0,-67.6059,-68.2016,Imagery,YES,Present,2427.86,1553,"-7,822,773",N5,Imagery,2/6/2011,1976,250,A3,Croxall and Kirkwood (1979),Increasing,,,
Anderson Island,58.4.2,,Mac. Robertson Land,30,0.14,-67.4353,63.3572,Low et al. (2007),NO,Presumed present,NA,NA,NA,NA,NA,NA,2005,Thousands,UNK,Low et al. (2007),UNK,,,
Andresen Island Location 1,48.1,,Graham Land,Outside Landsat survey area,0,-66.879,-66.649,Imagery,YES,Present,NA,1139,"-10,821,196",N1,Lynch et al. (2013),12/24/2009,NA,NA,NA,NA,Decreasing,,,
Andresen Island Location 2,48.1,,Graham Land,Outside Landsat survey area,0,-66.875,-66.711,Imagery,YES,Present,NA,281,"-267,295",N1,Lynch et al. (2013),1/16/2013,NA,NA,NA,NA,Decreasing,,,
Ardley Island,48.1,APBSE,Graham Land,Outside Landsat survey area,0,-62.212,-58.918,Imagery,YES,Present,NA,334,"-317,351",N1,ASPA No. 150 Management Plan,2004/05 season,NA,NA,NA,NA,Decreasing,,Could not distinguish Adelie penguins from gentoo penguins in available imagery.,
Armstrong Reef,48.1,,Graham Land,Outside Landsat survey area,0.14,-65.8969,-66.2678,Lynch et al. (Unpublished),NO,Present,NA,2813,"-26,722,954",N1,Lynch et al. (Unpublished),1/9/2013,NA,NA,NA,NA,Decreasing,,,
Arthurson Ridge,88.1,,Victoria Land,18,16.27,-69.3634,158.5109,Imagery,YES,New,20320.88,14461,"(8643, 23880) ",N5,Imagery,3/8/2012,New colony,0,NA,New colony,New,,We have assumed this is a new colony because it was not reported in surveys of neighboring colonies.,
Auster Islands,58.4.2,,Mac. Robertson Land,10,0,-67.4308,63.8246,Imagery,YES,Present,3251.88,2082,"(1104, 3665) ",N5,Imagery,12/28/2006,No previous estimate available,No previous estimate available,NA,Noted in Low et al. (2007),UNK,,,
Avian Island,48.1,,Graham Land,Outside Landsat survey area,3.64,-67.772,-68.888,Imagery,YES,Present,NA,77515,"-7,363,981,391",N1,Management Plan for ASPA No. 117,1/15/2013,1979,35600,N2,Poncet and Poncet (1987),Increasing,,There are two incongruent population estimates available for this colony in the 2012/13 field season (Lynch et al. Unpublished & the ASPA No. 117 Management Plan) and the available imagery is not of sufficient quality for a third population estimate. We have used the chick count by Lynch et al. (In Prep.) as the best available population estimate with the caveat that this is only an approximate measure of the number of breeding pairs.,
Aviation Island,88.1,,Victoria Land,Not in database,0.07,-69.2746,158.78,Imagery,YES,Present,2036.1,1296,"(633, 2368) ",N5,Imagery,12/8/2010,1985,1093,N3,Taylor et al. (1990),No change,,,
Backer Islands,88.3,,Marie Byrd Land,Not in database,0,-74.4112,-102.5515,Imagery,YES,New,744.52,465,"(166, 987) ",N5,Imagery,2/6/2011,No previous estimate available,No previous estimate available,NA,New colony,UNK,,"This colony is in an area believed to have had penguins and so while no previous estimates exist, we do not have evidence to suggest this is a new colonization.",
Balaena Islands,58.4.1,,Wilkes Land,Not in database,0,-66.0158,111.0688,Imagery,YES,Present,271.52,160,"(28, 446) ",N5,Imagery,11/2/2011,No previous estimate available,No previous estimate available,NA,No previous estimate available,UNK,,,
Barcroft Islands,48.1,,Graham Land,Outside Landsat survey area,0,-66.453,-67.154,Imagery,YES,Present,NA,211,"-200,222",N1,Lynch et al. (Unpublished),1/10/2013,NA,NA,NA,NA,Decreasing,Comparison with Poncet and Poncet (1987),,
Barrier Island,58.4.2,,Unknown,16,0,-68.4163,78.324,Imagery,YES,New,5018.22,3252,"-17,695,507",N5,Imagery,12/14/2011,New colony,0,NA,New colony,New,,This colony is in the area covered by a recent aerial survey by Southwell et al. (2013) but this location was not noted and is therefore believed to be a new colony.,
Beagle Island,48.1,APE,Graham Land,Outside Landsat survey area,1.57,-63.4139,-54.6675,Imagery,YES,Present,149052.13,96892,"-59,507,158,260",N5,Imagery,1/22/2011,No previous estimate available,No previous estimate available,NA,No previous estimate available,UNK,,,
Beaufort Island,88.1,,Victoria Land,64,17.29,-76.9694,166.8978,Imagery,YES,Present,85620.95,61106,"-37,814,101,056",N5,Imagery,12/12/2010,1987,46001,N1,Taylor et al. (1990),Likely increasing,,See also Lyver et al. (2014).,
Beaufort North,88.1,,Victoria Land,Not in database,1.94,-76.9288,166.881,Imagery,YES,Present,1167.67,752,"-3,271,453",N5,Imagery,12/12/2010,2004,460,See original source,LaRue et al. (2013),Increasing,,Colony formed in 2004. Noted in LaRue et al. (2013).,
Bellingshausen Island,48.4,,South Sandwich Islands,Outside Landsat survey area,NA,-59.406,-27.079,Imagery,YES,Present,NA,NA,NA,NA,NA,NA,2011,45000,C4,Lynch et al. (Unpublished),UNK,,"Not possible to distinguish Adelie penguins and chinstrap penguins in mixed colonies at Salamander Point in available imagery; best available estimates comes from recent field work described in Lynch et al. (In prep.). Considerable uncertainties both from the survey by Convey et al. (1999) and recent survey described in Lynch et al. (In Prep.) make it difficult to assess whether the apparent increase from <10,000 breeding pairs to ~45,000 breeding pairs (assuming one chick per breeding pair) is a true popualtion increase or a reflection of different estimation methods.",
Benten,58.4.2,,Queen Maud Land,Not in database,0,-69.0417,39.25,Hoshiai et al. (1984),NO,Extinct,0,0,NA,NA,Imagery,12/27/2008,1982,10,A1,Hoshiai et al. (1984),Extinction,,,
Berkley/Cameron,58.4.1,,Wilkes Land,43,0.2,-66.217,110.65,Imagery,YES,Present,20859,13423,"-802,822,057",N5,Imagery,1/30/2011,1989,6488,N2,Woehler et al. (1991),Likely increasing,,,
Berthelot Islands,48.1,APW,Graham Land,Outside Landsat survey area,0,-65.333,-64.117,Imagery,YES,Present,NA,313,"-297,329",N1,Lynch et al. (Unpublished),1/6/2013,NA,NA,NA,NA,Decreasing,Lynch et al. 2012 / Lynch et al. (2013),,
Biscoe Point,48.1,APW,Graham Land,Outside Landsat survey area,0,-64.812,-63.777,Imagery,YES,Present,NA,531,"-504,558",N1,Lynch et al. (2013),12/15/2010,NA,NA,NA,NA,Decreasing,Lynch et al. 2012 / Lynch et al. (2013),,
Blakeney/Whitney,58.4.1,,Wilkes Land,27,0.72,-66.2457,110.5573,Imagery,YES,Present,16626.43,10821,"-640,117,879",N5,Imagery,1/30/2011,1989,9407,N2,Woehler et al. (1991),No change,,,
Bolingen/Lichen Island,58.4.2,,Unknown,13,0,-69.456,75.7474,Ainley (2002),NO,UNK,NA,NA,NA,NA,NA,NA,1982,465,UNK,Whitehead and Johnstone (1990),UNK,,Cannot confirm colony existence based on available imagery.,
Bongrain Point (Pourquoi Pas Is),48.1,,Graham Land,Outside Landsat survey area,30.15,-67.724,-67.732,Imagery,YES,Present,NA,2284,"-21,702,398",N1,Lynch et al. (Unpublished),1/11/2013,NA,NA,NA,NA,Increasing,,,
Brattstrand Bluff,58.4.2,,Unknown,Not in database,0,-69.2157,76.9995,Ainley (2002),NO,UNK,NA,NA,NA,NA,NA,12/29/2011,UNK,41389,UNK,Ainley (2002),UNK,,Cannot confirm colony existence based on available imagery.,
Brown Bluff,48.1,APE,Graham Land,Outside Landsat survey area,24.61,-63.5216,-56.8953,Imagery,YES,Present,65628.03,48938,"-3,015,980,410",N5,Imagery,2/6/2006,No previous estimate available,No previous estimate available,NA,NA,UNK,,There was a count of 18630 (A3) adults from photographs made in the 2013/13 season (see Lynch et al. [2013]). This count would suggest a recent decline at Brown Bluff but the adult count is hard to interpret because the colony was not well established with nesting pairs at the time.,
Brownson Islands,88.3,,Marie Byrd Land,18,0,-74.1681,-103.6361,Imagery,YES,Present,24683.49,15962,"-943,826,013",N5,Imagery,12/19/2011,No previous estimate available,No previous estimate available,NA,No previous estimate available,UNK,,This may be considered a collection of small colonies.,
Bruce Island,48.2,SONE,South Orkney Islands,Outside Landsat survey area,0,-60.683,-44.924,Imagery,YES,Present,NA,NA,NA,NA,NA,2/25/2011,1965,4000,UNK,Croxall and Kirkwood (1979),UNK,,No prior information to allow us to distinguish between chinstrap and Adelie penguin breeding areas.,
Buckle Island,88.1,,Victoria Land,Not in database,0,-66.8908,163.2871,Imagery,YES,Present,451.19,277,"-74,655",N5,Imagery,12/6/2010,No previous estimate available,No previous estimate available,NA,No previous estimate available,UNK,,,
Candlemas Island,48.4,,South Sandwich Islands,Outside Landsat survey area,NA,-57.0927,-26.7243,Imagery,YES,Present,2515.46,1619,"-8,092,851",N5,Imagery,12/19/2010,1997,1200,UNK,Convey et al. (1999),No change,,,
Cape Adare,88.1,,Victoria Land,875,6.65,-71.3063,170.1999,Imagery,YES,Present,503245.63,338231,"-207,923,549,845",N5,Imagery,2/16/2011,1990,169200,N2,Woehler and Croxall (1997),Increasing,,See also Lyver et al. (2014).,
Cape Anne,88.1,,Victoria Land,Not in database,30.65,-73.617,169.85,Imagery,NO,Present,NA,268,"(254, 281)",N1,Lyver et al. (2014),UNK,1991,346,N2,Woehler and Croxall (1997),Decreasing,,Cannot find colony in available imagery. See also Lyver et al. (2014).,
Cape Barne,88.1,,Victoria Land,Not in database,0,-77.583,166.217,Imagery,NO,Extinct,0,0,NA,NA,Imagery,1/20/2011,1989,4,N1,Woehler (1993),Extinction,,,
Cape Batterbee,58.4.2,,Enderby Land,221,0,-65.842,53.8129,Imagery,YES,Present,47807.1,30746,"-1,883,950,846",N5,Imagery,2/3/2011,No previous estimate available,No previous estimate available,NA,Noted in Woehler (1993),UNK,,,
Cape Bienvenue,58.4.1,,Wilkes Land,46,0.47,-66.7203,140.5252,Imagery,YES,Present,54977.41,35466,"-2,150,057,951",N5,Imagery,2/16/2011,1984,10000,A5,Woehler (1993),Increasing,,"Barbraud et al. (1999) report 15,023 pairs in 1997/98. ",
Cape Bird ,88.1,,Victoria Land,128,7.4,-77.2293,166.4128,Imagery,YES,Present,NA,43321,"-4,115,545,487",N1,Lyver et al. (2014),2012 (see source for details),1987,59757,UNK,Taylor et al. (1990),Descreasing,See also Lyver et al. (2014),"An analysis of imagery from 11/16/2010 gave an estimate of 53635 breeding pairs (95th percentile CI: [32574,88682]). We have used the field count reported in Lyver et al. (2014) because it is both more recent and more precise.",
Cape Bowles,48.1,APEI,Graham Land,Outside Landsat survey area,0,-61.3167,-54.081,Imagery,YES,Present,630.1,395,"-128,861",N5,Imagery,12/12/2006,1976,60,N4,Croxall and Kirkwood (1979),Increasing,,The location contains mostly chinstrap penguins according to historical data but Adelie penguin breeding areas were selected based on apparent early arrival (comparing images from different dates).,
Cape Burks,88.2,,Marie Byrd Land,Not in database,1.06,-74.7505,-136.7946,Imagery,YES,Present,1880.33,1209,"-5,702,218",N5,Imagery,1/26/2011,1990,97,N1,Woehler (1993),Increasing,,,
Cape Cornish/NE Buckle,88.1,,Victoria Land,Not in database,0,-66.7031,163.2139,Imagery,YES,Present,92.46,43,"-1,222",N5,Imagery,1/16/2011,No previous estimate available,No previous estimate available,NA,No previous estimate available,UNK,,"Some databases indicate a colony at Cape Cornish but clouds over the exact location did not allow us to confirm it existence. This colony, referred to as Cape Cornish/NE Buckle, was very close to the stated location and may be the colony previously referred to as Cape Cornish.",
Cape Cotter,88.1,,Victoria Land,57,15.85,-72.4045,170.3122,Imagery,YES,Present,55307.89,39121,"-2,391,663,019",N5,Imagery,1/29/2011,1990,27764,N2,Woehler and Croxall (1997),Likely increasing,,See also Lyver et al. (2014).,
Cape Crozier,88.1,,Victoria Land,572,17.91,-77.4592,169.2571,Imagery,YES,Present,NA,272340,"-258,723,285,957",N1,Lyver et al. (2014),2012 (see source for details),1987,177083,UNK,Taylor et al. (1990),Increasing,See also Lyver et al. (2014),"An analysis of imagery from 12/12/2011 gave an estimate of 209830 breeding pairs (95th percentile CI: [128903,342501]). We have used the field count reported in Lyver et al. (2014) because it is both more recent and more precise.",
Cape Denison,58.4.1,,Victoria Land,12,0.16,-67.0072,142.6647,Imagery,YES,Present,21452.33,13834,"-837,722,671",N5,Imagery,2/5/2011,1982,4898,C1,Ensor and Bassett (1987),Increasing,,,
Cape Evensen,48.1,,Graham Land,Outside Landsat survey area,0.18,-66.166,-65.689,Imagery,YES,Present,NA,163,"-155,171",N1,Lynch et al. (Unpublished),1/17/2013,NA,NA,NA,NA,UNK,,,
"Cape Evensen, off shore rock",48.1,,Graham Land,Outside Landsat survey area,12.59,-66.152,-65.71,Imagery,YES,Present,NA,212,"-201,223",N1,Lynch et al. (Unpublished),1/17/2013,NA,NA,NA,NA,UNK,,,
Cape Hallett,88.1,,Victoria Land,235,0.25,-72.3179,170.2142,Imagery,YES,Present,94601.77,61160,"-37,524,100,407",N5,Imagery,2/14/2011,1991,43942,N2,Woehler and Croxall (1997),Likely increasing,,See also Lyver et al. (2014).,
"Cape Hansen, Coronation Island",48.2,SOSE,South Orkney Islands,Outside Landsat survey area,0,-60.659,-45.584,Imagery,YES,Present,9309.962,5980,"-35,009,980",N5,Imagery,1/17/2012,2003,13381,N3,Lynch et al. (2013),Decreasing,,,
Cape Hinode,58.4.2,,Queen Maud Land,Not in database,1.05,-68.1453,42.6612,Imagery,YES,Present,569.55,360,"-114,813",N5,Imagery,2/9/2009,1981,370,N1,Hoshiai et al. (1984),No change,,,
Cape Hunter,58.4.1,,Victoria Land,47,0,-66.963,142.349,Imagery,YES,Present,11946.89,7709,"-455,212,841",N5,Imagery,3/14/2010,1997,15997,N2,Barbraud et al. 1999,Decreasing,,,
Cape Jones,88.1,,Victoria Land,Not in database,13.74,-73.2762,169.2272,Imagery,YES,Present,52.2,20,"(0,170)",N5,Imagery,2/16/2011,1991,101,N2,Woehler and Croxall (1997),Likely decreasing,,See also Lyver et al. (2014).,
Cape Jules,58.4.1,,Wilkes Land,178,0,-66.7438,140.9189,Imagery,YES,Present,87325.76,56399,"-3,444,692,123",N5,Imagery,2/13/2011,1997,41559,N2,Barbraud et al. 1999,No change,,,
Cape Nutt,58.4.1,,Wilkes Land,Not in database,0,-66.6352,108.2127,Imagery,YES,Present,2204.52,1412,"-6,982,527",N5,Imagery,2/17/2011,No previous estimate available,No previous estimate available,NA,No previous estimate available,UNK,,,
Cape Omega,58.4.2,,Queen Maud Land,Not in database,0,-68.5667,40.9833,Imagery,NO,Not found,0,0,NA,NA,Imagery,12/10/2012,1981,503,N1,Hoshiai et al. (1984),Extinction,,"Two different images (dated 11/15/2009 and 12/12/10) were examined but there was no sign of the Cape Omega colony in either image. Because of uncertainties regarding the colony location, we cannot confirm the colony called Cape Omega has gone extinct, only that it cannot be found in its stated location.",
Cape Phillips,88.1,,Victoria Land,10,34.95,-73.0714,169.6168,Imagery,YES,Present,12379.64,9881,"-587,516,427",N5,Imagery,2/2/2011,1990,3855,N2,Woehler and Croxall (1997),Increasing,,See also Lyver et al. (2014).,
Cape Pigeon Rocks,58.4.1,,Victoria Land,280,0,-66.9334,143.894,Imagery,YES,Present,99706.16,64607,"-39,571,104,891",N5,Imagery,1/14/2011,1997,9000,C2,Barbraud et al. 1999,Increasing,,"There is a major discrepency in the way Cape Pigeon Rocks and Way Archipelago have been divided over the historical record, with conflicting summaries in Woehler (1993) and Ainley (2002) relative to the original report by Ensor and Bassett (1987). Our assessment of population change for Cape Pigeon Rocks and Way Archipelago is contingent on this historical record and should be regarded cautiously.",
Cape Royds,88.1,,Victoria Land,15,0,-77.5545,166.1639,Imagery,YES,Present,NA,3083,"-29,293,237",N1,Lyver et al. (2014),2012 (see source for details),1995,4096,N2,Woehler and Croxall (1997),Decreasing,See also Lyver et al. (2014),"An analysis of imagery from 1/20/2011 gave an estimate of 4209 breeding pairs (95th percentile CI: [2365,7119]). We have used the field count reported in Lyver et al. (2014) because it is both more recent and more precise.",
Cape Waites,88.3,,Marie Byrd Land,5,0,-72.713,-103.451,Imagery,YES,Present,861.58,546,"-2,051,112",N5,Imagery,2/8/2010,No previous estimate available,No previous estimate available,NA,No previous estimate available,UNK,,,
Cape Wheatstone,88.1,,Victoria Land,Not in database,43.09,-72.6217,170.2024,Imagery,YES,Present,2316.26,1942,"-10,073,397",N5,Imagery,2/7/2011,1990,1733,N2,Woehler and Croxall (1997),No change,,See also Lyver et al. (2014).,
Casey Bay,58.4.2,,Enderby Land,Not in database,0,-67.3774,48.6565,Imagery,YES,Present,172.92,95,"-9,333",N5,Imagery,2/7/2011,No previous estimate available,No previous estimate available,NA,Noted in Woehler (1993),UNK,,,
Chappel Island,58.4.1,,Wilkes Land,30,0.32,-66.1772,110.4193,Imagery,YES,Present,7091.97,4597,"-25,897,722",N5,Imagery,2/1/2011,1989,5780,N2,Woehler et al. (1991),No change,,,
Charcot Island,88.3,,Palmer Land,Outside Landsat survey area,8.3,-69.7617,-75.4074,Imagery,YES,Present,65.43,28,"(0,191)",N5,Imagery,2/3/2011,1976,50,C3,Croxall and Kirkwood (1979),No change,,No cloud-free imagery available.,
Chatos Island,48.1,,Graham Land,Outside Landsat survey area,0,-67.66,-69.152,Imagery,YES,Present,NA,135,"-128,142",N1,Lynch et al. (Unpublished),1/11/2013,1983,100,N4/5,Poncet and Poncet (1987),UNK,,,
Chick Islands,58.4.1,,Wilkes Land,Not in database,0,-66.7918,120.9934,Imagery,YES,Present,755.66,475,"-1,711,005",N5,Imagery,2/3/2011,1960,273,A4,Wilson (1983),No change,,,
Child Rocks Islands 1,58.4.2,,Mac. Robertson Land,1,0,-67.4377,63.2749,Low et al. (2007),NO,Presumed present,NA,NA,NA,NA,NA,NA,2005,Hundreds,UNK,Low et al. (2007),UNK,,Cannot confirm colony existence based on imagery; poor images; reported in Low et al. (2007).,
Child Rocks Islands 2,58.4.2,,Mac. Robertson Land,8,0,-67.438,63.2824,Low et al. (2007),NO,Presumed present,NA,NA,NA,NA,NA,NA,2005,Thousands,UNK,Low et al. (2007),UNK,,Cannot confirm colony existence based on imagery; poor images; reported in Low et al. (2007).,
Child Rocks Islands 3,58.4.2,,Mac. Robertson Land,Not in database,0,-67.4387,63.2715,Low et al. (2007),NO,Presumed present,NA,NA,NA,NA,NA,NA,2005,Hundreds,UNK,Low et al. (2007),UNK,,Cannot confirm colony existence based on imagery; poor images; reported in Low et al. (2007).,
Christine Island,48.1,APW,Graham Land,Outside Landsat survey area,0,-64.7926,-64.0189,Imagery,YES,Present,524.01,327,"-100,749",N5,Imagery,1/16/2008,1986,1151,UNK,Heimark and Heimark (1988),Decreasing,,,
Christoffersen Island,48.2,SOSE,South Orkney Islands,Outside Landsat survey area,0,-60.728,-45.035,Imagery,YES,Present,NA,NA,NA,NA,NA,NA,1983,250,C2,Woehler (1993),UNK,,This island has a mix of all three Pygoscelis spp. species which cannot be distinguished in the available imagery.,
Clark Island,88.2,,Marie Byrd Land,2,0,-74.056,-105.193,Imagery,YES,New,523.83,322,"-96,745",N5,Imagery,1/11/2012,No previous estimate available,No previous estimate available,NA,New colony,UNK,,"This colony is in an area believed to have had penguins and so while no previous estimates exist, we do not have evidence to suggest this is a new colonization.",
Cockburn Island,48.1,APE,Graham Land,Outside Landsat survey area,30.04,-64.1892,-56.8467,Imagery,YES,Present,20247.13,15721,"-948,925,987",N5,Imagery,2/5/2011,No previous estimate available,No previous estimate available,NA,Noted in Croxall and Kirkwood (1979),UNK,,,
Colbeck Archipelago Unnamed 1,58.4.2,,Mac. Robertson Land,Not in database,0,-67.3436,61.0647,Imagery,YES,Present,1492.59,958,"-4,381,781",N5,Imagery,2/2/2011,No previous estimate available,No previous estimate available,NA,No previous estimate available,UNK,,,
Cone Island,48.1,,Graham Land,Outside Landsat survey area,0,-67.676,-69.154,Imagery,YES,Present,NA,3051,"-28,983,204",N1,Lynch et al. (Unpublished),1/11/2013,No previous estimate available,No previous estimate available,NA,Noted in Croxall and Kirkwood (1979),UNK,,,
Continental Rock,58.4.2,,Mac. Robertson Land,Not in database,1.84,-67.3997,59.7964,Wilson et al. (2009),NO,Presumed present,NA,NA,NA,NA,NA,NA,No previous estimate available,No previous estimate available,NA,Reported in Wilson et al. (2009),UNK,,Cannot confirm colony existence based on available imagery which was of poor quality.,
Cormorant Island,48.1,APW,Graham Land,Outside Landsat survey area,0,-64.793,-63.9678,Imagery,YES,Present,620.59,388,"-129,849",N5,Imagery,1/16/2008,1986,693,UNK,Heimark and Heimark (1988),Likely decreasing,,,
Cormorant Point,48.2,SOSE,South Orkney Islands,Outside Landsat survey area,0,-60.752,-44.738,Imagery,YES,Present,NA,96,"-91,101",N1,Coria et al. (2011),2004/05 season,1993,122,N1,Coria et al. (2011),Decreasing,,"There are penguins at this location but Coria et al. (2011) list both chinstraps and Adelies at this location; given the timing of the available imagery, what is seen on the image is likely to be chinstrap penguins.",
Coronation I: Other localities,48.2,SOSE,South Orkney Islands,Outside Landsat survey area,0,-60.665,-45.444,Wilson (1983),NO,UNK,NA,NA,NA,NA,NA,NA,1956,3500,N4,Wilson (1983),UNK,,Available imagery does not allow us to distinguish among multiple species of penguins breeding at this location.,
Coulman Middle,88.1,,Victoria Land,2,0,-73.4372,169.8854,Imagery,YES,Present,6440.19,4150,"-23,257,008",N5,Imagery,2/7/2011,1991,4141,N2,Woehler and Croxall (1997),No change,,See also Lyver et al. (2014).,
Coulman North,88.1,,Victoria Land,2,21.25,-73.3822,169.8401,Imagery,YES,Present,691.93,501,"-1,851,031",N5,Imagery,12/22/2010,1991,1098,N2,Woehler and Croxall (1997),Likely decreasing,,See also Lyver et al. (2014).,
Coulman South,88.1,,Victoria Land,Not in database,0,-73.5137,169.8779,Imagery,YES,Present,22970.15,14786,"-884,124,419",N5,Imagery,2/8/2011,1989,16302,N2,Woehler and Croxall (1997),No change,,See also Lyver et al. (2014).,
Cruzen Island,88.2,,Marie Byrd Land,Not in database,10.68,-74.7341,-140.3266,Imagery,YES,Present,353.24,226,"-52,579",N5,Imagery,1/30/2011,UNK,135,UNK,Ainley (2002),No change,,,
Darbel Island,48.1,,Graham Land,Outside Landsat survey area,0,-66.373,-65.871,Imagery,YES,Present,NA,324,"-308,340",N1,Lynch et al. (Unpublished),1/17/2013,NA,NA,NA,NA,No change,,,
Davis Island,58.4.1,,Wilkes Land,16,0,-66.6637,108.4444,Imagery,YES,Present,13027.12,8418,"-494,113,844",N5,Imagery,2/17/2011,1993,8730,N2,Woehler and Croxall (1997),No change,,,
Detaille Island,48.1,,Graham Land,Outside Landsat survey area,0,-66.871,-66.785,Imagery,YES,Present,NA,430,"-409,452",N1,Lynch et al. (2013),1/6/2013,NA,NA,NA,Lynch et al. (2013),Decreasing,,,
Devil Island,48.1,APE,Graham Land,Outside Landsat survey area,0,-63.797,-57.29,Imagery,YES,Present,20765.65598,13411,"-802,022,254",N5,Imagery,1/21/2011,1995,10320,C2,Lynch et al. (2013),Likely increasing,,,
Douglas Islands 1,58.4.2,,Mac. Robertson Land,Not in database,0,-67.3803,63.3893,Low et al. (2007),NO,Presumed present,NA,NA,NA,NA,NA,12/7/2010,2005,10s,UNK,Low et al. (2007),UNK,,"Due to poor quality imagery, cannot confirm existence of this colony reported in Low et al. (2007).",
Douglas Islands 2,58.4.2,,Mac. Robertson Land,6,0,-67.3849,63.3895,Low et al. (2007),NO,Presumed present,NA,NA,NA,NA,NA,12/7/2010,2005,100s,UNK,Low et al. (2007),UNK,,"Due to poor quality imagery, cannot confirm existence of this colony reported in Low et al. (2007).",
Downshire Cliffs,88.1,,Victoria Land,20,30.11,-71.5582,170.592,Imagery,YES,Present,18490.18,14373,"-855,623,559",N5,Imagery,11/11/2011,1990,12492,N2,Woehler and Croxall (1997),No change,,See also Lyver et al. (2014).,
Dream Island,48.1,APW,Graham Land,Outside Landsat survey area,0,-64.7254,-64.2256,Imagery,YES,Present,2929.73,1887,"-9,693,331",N5,Imagery,1/16/2008,1985,10700,UNK,Heimark and Heimark (1988),Decreasing,,,
Duke of York Island,88.1,,Victoria Land,26,16.89,-71.6235,170.0635,Imagery,YES,Present,22827.71,16340,"-973,026,955",N5,Imagery,2/16/2011,1990,2307,N2,Woehler and Croxall (1997),Increasing,,,
Duroch Island,48.1,APBSE,Graham Land,Outside Landsat survey area,0,-63.303,-57.897,Imagery,YES,Present,NA,NA,NA,NA,NA,NA,1990,800,N4,Woehler (1993),UNK,,Available imagery does not allow us to distinguish among multiple species of penguins breeding at this location.,
d'Urville Monument,48.1,APE,Graham Land,Outside Landsat survey area,19.51,-63.4268,-56.2907,Imagery,YES,Present,40190.77,29170,"-1,781,747,445",N5,Imagery,1/15/2012,2006,10000,N4,Lynch et al. (2013),Increasing,,Imagery available makes it difficult to distinguish the precise boundaries of the Adelie breeding; the abundance estimate is highly approximate.,
Duthoit Point,48.1,APBSE,Graham Land,Outside Landsat survey area,0,-62.3099,-58.8303,SCAR database,NO,UNK,NA,NA,NA,NA,NA,NA,1993,1,A1,Coria et al. (1995),UNK,,Did not attempt to identify the single pair of Adelie penguins reported breeding at this lcoation.,
Eden Rocks,48.1,APE,Graham Land,Outside Landsat survey area,0,-63.4942,-55.7003,Imagery,YES,Present,70045.08,45374,"-2,731,173,709",N5,Imagery,2/19/2011,1996,46855,N3,Lynch et al. (2013),No change,,,
Edwards Islands,88.3,,Marie Byrd Land,384,0.84,-73.8701,-103.0057,Imagery,YES,Present,89672.46,58058,"-3,587,995,740",N5,Imagery,1/12/2010,No previous estimate available,No previous estimate available,NA,No previous estimate available,UNK,,,
Emperor Island,48.1,,Graham Land,Outside Landsat survey area,1.17,-67.864,-68.708,Imagery,YES,Present,4183.36,2716,"-14,604,687",N5,Imagery,2/20/2011,1985,700,N5,Poncet and Poncet (1987),Increasing,,,
Etna Island,48.1,APE,Graham Land,Outside Landsat survey area,0,-63.095,-55.178,Imagery,YES,Present,372.29,226,"-55,565",N5,Imagery,1/22/2011,1960,25,N3,Croxall and Kirkwood (1979),Increasing,,This is a very small colony that appears to be at low density so population estimate from the area is likely an overestimate of the true size.,
Ferrier Peninsula,48.2,SONE,South Orkney Islands,Outside Landsat survey area,0,-60.712,-44.4318,Imagery,YES,Present,39244.96,25453,"-1,529,341,206",N5,Imagery,2/25/2011,1983,61000,N4,Woehler (1993),Likely decreasing,,Used spectral information to distinguish Adelie penguin breeding areas from chinstrap penguin breeding areas.,
Fish Islands,48.1,,Graham Land,Outside Landsat survey area,0,-66.025,-65.359,Imagery,YES,Present,NA,913,"-867,959",N1,Lynch et al. (2013),1/18/2013,NA,NA,NA,NA,Decreasing,Lynch et al. 2012 / Lynch et al. (2013),,
Fitchie Bay,48.2,SONE,South Orkney Islands,Outside Landsat survey area,0,-60.715,-44.4932,Imagery,YES,Present,202.7,114,"-14,366",N5,Imagery,2/25/2011,1983,3000,N4,Poncet and Poncet (1985),Decreasing,,Can’t tell where the original location is and cannot find unambiguous colony in this area although these are several islands with potential colonies but spp ID uncertain – I traced colony on what I think is most likely to be FITC,
Fizkin Island (Islet NE of F.I.),48.1,APW,Graham Land,Outside Landsat survey area,0,-65.514,-65.48,Imagery,YES,Present,NA,113,"-107,119",N1,Lynch et al. (Unpublished),1/7/2013,NA,NA,NA,NA,Decreasing,Comparison with Poncet and Poncet (1987),,
Fliess Bay,48.1,APE,Graham Land,Outside Landsat survey area,2.43,-63.2045,-55.2412,Imagery,YES,Present,142.79,77,"-5,292",N5,Imagery,1/22/2011,No previous estimate available,No previous estimate available,NA,NA,New,,"This colony is not in a frequently visited area, so we cannot determine whether this is a newly colonized area or this colony has simply not been documented previously.",
Forbes Glacier,58.4.2,,Mac. Robertson Land,6,0,-67.5964,62.2858,Imagery,YES,Present,1595.69,1028,"-4,681,871",N5,Imagery,2/11/2011,1972,850,A3,Horne (1983),No change,,,
Fortenberry,88.1,,Victoria Land,Not in database,0.15,-70.7662,167.0789,Imagery,YES,New,551.89,342,"-106,767",N5,Imagery,12/4/2011,New colony,0,NA,New colony,New,,We have assumed this is a new colony because it was not reported in surveys of neighboring colonies.,
Fram Islands,58.4.1,,Wilkes Land,Not in database,0,-66.6274,139.7279,Imagery,YES,Present,1377.98,878,"-3,871,676",N5,Imagery,2/15/2011,1999,801,NA,Micol and Jouventin (2001),No change,,,
Franklin Island East,88.1,,Victoria Land,Not in database,0,-76.1581,168.4101,Imagery,YES,Present,420.15,255,"-69,619",N5,Imagery,2/16/2011,1991,847,N2,Woehler and Croxall (1997),Decreasing,,See also Lyver et al. (2014).,
Franklin Island West,88.1,,Victoria Land,3,0,-76.1618,168.3383,Imagery,YES,Present,64046.63,41339,"-2,504,768,051",N5,Imagery,2/16/2011,1989,54753,N2,Woehler and Croxall (1997),No change,,See also Lyver et al. (2014).,
Gerd Island,48.2,SOSE,South Orkney Islands,Outside Landsat survey area,0,-60.6574,-45.7437,Imagery,YES,Present,1692.77,1086,"-4,972,009",N5,Imagery,2/17/2011,1983,20,N3,Poncet and Poncet (1985),Increasing,,,
Gerlache Island,48.1,APW,Graham Land,Outside Landsat survey area,0.37,-64.601,-64.214,Imagery,YES,Presumed present,NA,NA,NA,NA,NA,2/1/2012,1984,171,N1,Parmalee and Parmalee (1987),UNK,,Available imagery does not allow us to distinguish among multiple species of penguins breeding at this location.,
Gibbney Island,58.4.2,,Mac. Robertson Land,91,0,-67.5543,62.3205,Imagery,YES,Present,18991,12246,"-728,720,187",N5,Imagery,2/11/2011,No previous estimate available,No previous estimate available,NA,No previous estimate available,UNK,,,
Gibson Bay,48.1,APE,Graham Land,Outside Landsat survey area,0.45,-63.3057,-55.8815,SCAR database,NO,Not found,0,0,NA,NA,NA,NA,No previous estimate available,No previous estimate available,NA,Noted in Croxall and Kirkwood (1979),See notes,,Can’t see evidence of penguins breeding but the location is poorly specified and it is difficult to confirm the absence of a small colony in the imagery available.,
Ginger Island,48.1,,Graham Land,Outside Landsat survey area,0,-67.7502,-68.6859,Imagery,YES,Present,2075.2,1336,"-6,612,417",N5,Imagery,2/20/2011,1983,2790,C3,Poncet and Poncet (1987),Likely decreasing,,,
Gosling Island,48.2,SOSE,South Orkney Islands,Outside Landsat survey area,0,-60.639,-45.922,Imagery,YES,Presumed present,NA,NA,NA,NA,NA,NA,1983,8523,C3,Poncet and Poncet (1985),UNK,,Available imagery does not allow us to distinguish among multiple species of penguins breeding at this location.,
Gourdin Island,48.1,APBSE,Graham Land,Outside Landsat survey area,3.17,-63.195,-57.311,Imagery,YES,Present,NA,NA,NA,NA,NA,NA,1997,16334,N2,Lynch et al. (2013),UNK,,Recent field work (12/22/2012) at this location confirms the presence of breeding Adelie penguins but the available imagery does not allow us to distinguish among the three species of penguins breeding at this location.,
Gourlay Point,48.2,SOSE,South Orkney Islands,Outside Landsat survey area,0,-60.7309,-45.5863,Imagery,YES,Present,6097.21,3926,"-22,146,590",N5,Imagery,2/17/2011,1978,6174,N1,Croxall and Kirkwood (1979),Likely decreasing,,Used spectral information to distinguish Adelie penguin breeding areas but in some areas the Adelie penguins seem very low density so may have missed some areas with breeding Adelie penguins. Estimate here will be very approximate.,
Graptolite Island,48.2,SONE,South Orkney Islands,Outside Landsat survey area,0,-60.7159,-44.4621,Imagery,YES,Present,35712.17,23076,"-1,378,437,832",N5,Imagery,2/25/2011,2004,16300,N2/3,Coria et al. (2011),Likely increasing,,Used spectral information to distinguish Adelie penguin breeding areas from chinstrap penguin breeding areas.,
Harald Bay,88.1,,Victoria Land,88,0,-69.1977,157.6894,Imagery,YES,New,32594.49,21033,"-1,255,934,257",N5,Imagery,2/7/2012,New colony,0,NA,New colony,New,,We have assumed this is a new colony because it was not reported in surveys of neighboring colonies.,
Haswell Island,58.4.1,,Unknown,Not in database,0,-66.5289,92.9925,Imagery,YES,Present,6235.24,4011,"-22,526,754",N5,Imagery,1/18/2012,1978,11300,C1,Starck (1980),Likely decreasing,,,
Henry Islands,58.4.1,,Wilkes Land,Not in database,0,-66.8781,120.6206,Imagery,YES,Present,116.36,58,"-2,263",N5,Imagery,11/20/2009,UNK,34,UNK,Law (1962),No change,,"Law (1962) notes that McLeod visited Henry Island and ""found 100 penguins, of which two-thirds were chicks""",
Heroina Island,48.1,APE,Graham Land,Outside Landsat survey area,0,-63.3946,-54.6065,Imagery,YES,Present,79429.83,51358,"-3,118,483,938",N5,Imagery,1/22/2011,1996,276938,N2,Lynch et al. (2013),Decreasing,,,
Hokuro Cove,58.4.2,,Queen Maud Land,21,0,-69.1973,39.6144,Imagery,YES,Present,442.65,272,"-75,660",N5,Imagery,2/21/2011,1982,480,UNK (N3?),Hoshiai et al. (1984),No change,,,
Holdfast Point,48.1,,Graham Land,Outside Landsat survey area,0,-66.803,-66.59,Imagery,YES,Present,NA,435,"-413,457",N1,Lynch et al. (2013),1/16/2013,NA,NA,NA,NA,UNK,Comparison with Poncet and Poncet (1987),This site includes the rocks just offfshore of Holdfast Point as well as a small colony on the mainland.,
Holl/O'Connor,58.4.1,,Wilkes Land,74,1.08,-66.4118,110.4315,Imagery,YES,Present,47149.95,30514,"-1,844,349,850",N5,Imagery,1/30/2011,1989,16623,N2,Woehler et al. (1991),Likely increasing,,,
Hollin/Midgley,58.4.1,,Wilkes Land,14,0.58,-66.3259,110.4036,Imagery,YES,Present,9749.8,6311,"-365,310,494",N5,Imagery,1/30/2011,1989,10237,N2,Woehler et al. (1991),No change,,,
Hope Bay,48.1,APE,Graham Land,Outside Landsat survey area,5.25,-63.4036,-57.0098,Imagery,YES,Present,156425.27,104182,"-63,828,169,227",N5,Imagery,2/5/2011,1985,123850,N2,Myrcha et al. (1987),No change,,,
Humble Island,48.1,APW,Graham Land,Outside Landsat survey area,0,-64.7652,-64.0852,Imagery,YES,Present,NA,587,"-558,616",N1,Lynch et al. (2013),12/10/2011,NA,NA,NA,NA,Decreasing,Lynch et al. (2013),,
Inexpressible Island,88.1,,Victoria Land,92,4.43,-74.9009,163.7287,Imagery,YES,Present,59654.35,39468,"-2,384,364,812",N5,Imagery,12/24/2010,1991,20029,N2,Woehler and Croxall (1997),Increasing,,See also Lyver et al. (2014).,
Islet 1 Km west of Lavosier Island,48.1,,Graham Land,Outside Landsat survey area,0,-66.122,-66.829,Imagery,YES,Present,NA,17,"(16,18)",N1,Lynch et al. (Unpublished),1/10/2013,1987,150,A4,Poncet and Poncet (1987),Decreasing,,,
Islet next to Lacktinov Island,48.1,,Graham Land,Outside Landsat survey area,0,-65.759,-65.79,Imagery,YES,Present,NA,38,"(36,40)",N1,Lynch et al. (Unpublished),1/8/2013,NA,NA,NA,NA,UNK,,,
Ivanhoff Head,58.4.1,,Wilkes Land,4,1.56,-66.8803,109.1276,Southwell and Emmerson (2013),NO,Present,NA,NA,NA,NA,NA,NA,No previous estimate available,No previous estimate available,NA,No previous estimate available,UNK,,Imagery unavailable for this location; reported in Southwell et al. (2013).,
Janet Rock,58.4.1,,Wilkes Land,Not in database,3.35,-66.5698,139.1651,Imagery,YES,Present,2888.74,1899,"-9,853,301",N5,Imagery,2/15/2011,UNK,420,UNK,Ainley (2002),Increasing,,"Location also called ""Rochers"".",
Jingle Islands,48.1,APW,Graham Land,Outside Landsat survey area,0,-65.429,-65.321,Imagery,YES,Present,NA,592,"-562,622",N1,Lynch et al. (Unpublished),1/7/2013,NA,NA,NA,NA,UNK,,,
Joinville Is: small colonies,48.1,APE,Graham Land,Outside Landsat survey area,0,-63.2971,-56.4862,Lynch et al. (2013),NO,Present,NA,1261,"-11,981,324",N1,Lynch et al. (2013),12/11/2009,NA,NA,NA,NA,Decreasing,Comparison with Wilson (1983),This is almost certainly the same colony referred to as Madder Cliff Island in Lynch et al. (In Press). The available imagery does not show the area of this colony so we use the abundance data reported in Lynch et al. (2013).,
Joubin Islands,48.1,APW,Graham Land,Outside Landsat survey area,0,-64.767,-64.379,AAD shapefile,NO,Presumed present,NA,NA,NA,NA,NA,NA,1990,1251,N4,Woehler (1993),UNK,,No imagery available.,
Kidson Island,58.4.2,,Mac. Robertson Land,Not in database,0,-67.2144,61.187,Imagery,YES,Present,2066.73,1334,"-6,562,396",N5,Imagery,2/2/2011,1988,1000,N3/N4?,Robertson (1991),No change,,,
King Point,48.1,APE,Graham Land,Outside Landsat survey area,0,-63.16,-55.481,Imagery,YES,Present,68.41,28,"(0,183)",N5,Imagery,1/12/2011,No previous estimate available,No previous estimate available,NA,No previous estimate available,UNK,,This colony was noted in Croxall and Kirkwood (1979).,
Kirby Head ,58.4.2,,Enderby Land,1,0,-67.2726,46.5372,Imagery,YES,New,6682.11,4325,"-24,607,255",N5,Imagery,12/2/2011,New colony,0,NA,New colony,New,,,
Kirton/Macklin,58.4.2,,Mac. Robertson Land,34,0,-67.4907,63.6378,Imagery,YES,Present,20053.86,12955,"-773,721,308",N5,Imagery,12/28/2006,No previous estimate available,No previous estimate available,NA,No previous estimate available,UNK,,,
"Knobble Head, Bransfield Island",48.1,APBSE,Graham Land,Outside Landsat survey area,0,-63.162,-56.569,Imagery,YES,UNK,NA,NA,NA,NA,NA,NA,1960,100,N3,Woehler (1993),UNK,,Available imagery does not allow us to distinguish among multiple species of penguins breeding at this location.,
Kujira Point,58.4.2,,Queen Maud Land,Not in database,0,-69.6,38.2667,Hoshiai et al. (1984),NO,Extinct,0,0,NA,NA,Imagery,2/11/2010,1984,7,A1,Ishikawa et al. (1988),Extinction,,"Cannot find this colony in the available imagery. This colony is reported as having ~30 pair in 1961 (Hoshiai et al. [1981]) but 0 pair in 1981 (Hoshiai et al. [1984]), and 7 adults (not clear if breeding or not) in 1984 (Ishikawa et al. [1988]). ",
Kuno Point,48.1,,Graham Land,Outside Landsat survey area,0,-66.404,-67.173,Imagery,YES,Present,NA,235,"-223,247",N1,Lynch et al. (Unpublished),1/10/2013,NA,NA,NA,NA,UNK,,,
Lagotellerie Island,48.1,,Graham Land,Outside Landsat survey area,0.66,-67.8887,-67.3796,Imagery,YES,Present,14354.48,9380,"-548,215,498",N5,Imagery,1/6/2010,1982,1720,C1,Poncet and Poncet (1987),Increasing,,,
Lauff Island,88.2,,Marie Byrd Land,Not in database,0,-73.2325,-126.7749,Ainley (2002),NO,Extinct,0,0,NA,NA,Imagery,12/13/2009,1983,1167,N3,Woehler (1993),Extinction,,Cannot find this colony in the available imagery.,
Lewis Island,58.4.1,,Wilkes Land,Not in database,0.45,-66.1051,134.3849,Imagery,YES,Present,2673.52,1719,"-8,763,038",N5,Imagery,12/12/2009,1959,1200,N2,Horne (1983),No change,,,
Lindsay Islands,88.3,,Marie Byrd Land,400,0,-73.6094,-103.1829,Imagery,YES,Present,124369.35,80704,"-49,049,131,174",N5,Imagery,3/8/2011,UNK,5000,UNK,Ainley (2002),Increasing,,,
Lions Rump,48.1,APBSE,Graham Land,Outside Landsat survey area,0,-62.1331,-58.1229,Imagery,YES,Present,3119.97,2000,"-10,563,531",N5,Imagery,1/26/2012,1980,12345,UNK,Korczak-Abshire et al. (2013),Decreasing,,Available imagery does not allow us to distinguish among multiple species of penguins breeding at this location.,
Litchfield Island,48.1,APW,Graham Land,Outside Landsat survey area,0,-64.7694,-64.0858,Imagery,YES,Present,8.34,0,"(0,56)",N5,Imagery,1/16/2008,1986,577,UNK,Heimark and Heimark (1988),Decreasing,,,
Llano Point,48.1,APBSE,Graham Land,Outside Landsat survey area,1.4,-62.176,-58.446,Imagery,YES,Present,NA,NA,NA,NA,NA,NA,1996,6562,N2,Ciaputa and Sierakowaski (1999),Decreasing,,Available imagery does not allow us to distinguish among multiple species of penguins breeding at this location.,Nice image but cant distinguish among penguins
Lovill Bluff ,88.2,,Marie Byrd Land,154,0,-73.538,-127.4361,Imagery,YES,Present,2404.43,1540,"-7,832,731",N5,Imagery,12/13/2009,1983,61533,N3,Woehler (1993),Decreasing,,,
Low Tongue,58.4.2,,Mac. Robertson Land,20,0,-67.5456,61.9906,Low et al. (2007),NO,Present,NA,NA,NA,NA,NA,NA,1972,"""Large colony""",NA,Horne (1983),UNK,,Cannot confirm colony existence based on imagery; poor images; reported in Low et al. (2007),
MacKellar Islands,58.4.1,,Victoria Land,255,0,-66.967,142.65,Imagery,YES,Present,125818.17,80360,"-49,253,131,836",N5,Imagery,2/5/2011,1982,27260,C1,Ensor and Bassett (1987),Increasing,,,
Madder Cliffs (Joinville Island),48.1,APE,Graham Land,Outside Landsat survey area,0,-63.2979,-56.4836,Imagery,YES,Present,52564.63,34022,"-2,061,455,676",N5,Imagery,1/8/2012,1953,35000,A4,Woehler (1993),No change,,"Woehler (1993) calls this site ""Joinville Island"".",
Maher Island,88.2,,Marie Byrd Land,5,0,-73.1983,-127.0503,Imagery,YES,Present,15641.92,10111,"-599,316,618",N5,Imagery,2/1/2011,1983,4722,N3,Woehler (1993),Likely increasing,,,
Mallory Point,58.4.1,,Wilkes Land,7,1.3,-66.83,108.6433,Imagery,YES,Present,1351.4,870,"-3,811,639",N5,Imagery,3/1/2010,No previous estimate available,No previous estimate available,NA,No previous estimate available,UNK,,,
Mame-zima,58.4.2,,Queen Maud Land,Not in database,0,-69.0167,39.4833,Hoshiai et al. (1984),NO,Extinct,0,0,NA,NA,Imagery,2/10/2011,1984,53,A1,Ishikawa et al. (1988),Extinction,,"Mame-zima is only ~1 km from Meholmen Island; Either Mame-zima has gone extinct, or it has merged with Meholmen and therefore our estimate at Meholmen Island includes both of these locations.",
Mandible Cirque,88.1,,Victoria Land,Not in database,2.02,-73.117,169.25,Ainley (2002),NO,Not found,0,0,NA,NA,Imagery,2/14/2011,1987,19361,N2,Taylor et al. (1990),See notes,,Cannot find the colony; Cape Phillips and Mandible Cirque are lumped together in Ainley (2002). See also Lyver et al. (2014).,
Mawson Coast,58.4.2,,Mac. Robertson Land,69,0,-67.5563,62.9406,Imagery,YES,Present,66156.73,42709,"-2,578,670,091",N5,Imagery,2/11/2011,UNK,37695,UNK,Ainley (2002),No change,,,
McDonald Point,58.4.2,,Mac. Robertson Land,Not in database,0,-67.3427,59.6654,Imagery,YES,Present,56.34,20,"(0,173)",N5,Imagery,11/14/2009,No previous estimate available,No previous estimate available,NA,No previous estimate available,UNK,,,
Meholmen Island,58.4.2,,Queen Maud Land,Not in database,0,-69.0254,39.4788,Imagery,YES,Present,42.8,13,"(0,150)",N5,Imagery,2/10/2011,1984,2,N1,Ishikawa et al. (1988),No change,,,
Merritt Island,58.4.1,,Wilkes Land,Not in database,0,-66.4588,107.1565,Imagery,YES,Present,483.65,297,"-81,694",N5,Imagery,12/20/2007,No previous estimate available,No previous estimate available,NA,No previous estimate available,UNK,,,
Mizukuguri Cove,58.4.2,,Queen Maud Land,Not in database,0,-69.1917,39.6333,Hoshiai et al. (1984),NO,Extinct,0,0,NA,N1,Imagery,2/10/2011,1984,177,A1,Ishikawa et al. (1988),Extinction,,,
Montagu Island,48.4,,South Sandwich Islands,Outside Landsat survey area,NA,-58.5079,-26.2851,Imagery,YES,Present,28528.41,18409,"-1,098,829,734",N5,Imagery,2/3/2011,1997,200,UNK,Convey et al. (1999),UNK,,The earlier estimate by Convey et al. (1999) appears to have missed the large colony of Adelie penguins near Scarlett Point which was discovered on the expedition described in Lynch et al. (Unpublished),
Mount Biscoe,58.4.2,,Enderby Land,704,7.99,-66.2209,51.3275,Imagery,YES,Present,42053.9,28536,"-1,741,547,225",N5,Imagery,2/15/2011,1985,5000,UNK,Bassett et al. (1989),Increasing,,,
Mount Gleadell,58.4.2,,Enderby Land,2,3.87,-66.941,50.44,Imagery,YES,New,2417.64,1576,"-7,952,834",N5,Imagery,1/26/2010,No previous estimate available,No previous estimate available,NA,New colony,UNK,,"This colony is in a location that might not be visible from previous surveys, so we cannot determine whether this is actually a new colony or simply a breeding location not previously seen and reported.",
Mount Riiser-Larsen,58.4.2,,Enderby Land,Not in database,0,-66.7908,50.5511,Imagery,YES,Present,2434.32,1562,"-7,922,763",N5,Imagery,1/26/2010,1996,877,UNK,Kato and Ichikawa (1999),Likely increasing,,,
Myall/McMahon,58.4.2,,Enderby Land,Not in database,0,-67.6721,45.7356,Imagery,YES,Present,1077.87,686,"-2,811,332",N5,Imagery,2/9/2011,UNK,2316,UNK,Ainley (2002),Likely decreasing,,,
NE of Smiggers Island,48.1,APW,Graham Land,Outside Landsat survey area,0,-65.452,-65.347,Imagery,YES,Present,NA,11,"(10,12)",N1,Lynch et al. (Unpublished),1/7/2013,NA,NA,NA,NA,UNK,,,
Nella/Thalla Islands,88.1,,Victoria Land,Not in database,0,-70.6136,166.0873,Imagery,YES,Present,761.95,477,"-174,999",N5,Imagery,1/27/2011,1985,181,N2,Taylor et al. (1990),Likely increasing,,,
Nelly Island,58.4.1,,Wilkes Land,1,0.87,-66.2294,110.1782,Imagery,YES,Present,2032.57,1316,"-6,442,403",N5,Imagery,2/24/2011,1989,554,N2,Woehler et al. (1991),Likely increasing,,,
Nokkelholmane Islands,58.4.2,,Queen Maud Land,Not in database,0,-69.3811,39.4635,Imagery,YES,Present,78.24,34,"(0,204)",N5,Imagery,2/11/2010,1982,61,N1,Hoshiai et al. (1984),No change,,,
North Cape (d'Urville Island),48.1,APBSE,Graham Land,Outside Landsat survey area,0.93,-63,-56.5,Unpublished,NO,UNK,NA,NA,NA,NA,NA,NA,1960,75,N3,Croxall and Kirkwood (1979),UNK,,No well-timed imagery that would allow us to prove the existence of penguins breeding on the d'Urville Island coast and the location of this particular colony is uncertain.,
North Point,48.2,SOSE,South Orkney Islands,Outside Landsat survey area,0,-60.672,-45.626,Imagery,YES,Present,21114.9,13719,"-817,322,388",N5,Imagery,2/17/2011,1978,10504,N2,Croxall et al. (1981),No change,,Used spectral information to distinguish Adelie penguin breeding areas but in some areas the Adelie penguins seem very low density so may have missed some areas with breeding Adelie penguins. Estimate here will be very approximate.,
Odbert Island,58.4.1,,Wilkes Land,46,0.63,-66.3742,110.5421,Imagery,YES,Present,14327.13,9247,"-545,415,378",N5,Imagery,1/30/2011,1989,10689,N2,Woehler et al. (1991),No change,,,
Oldham Island,58.4.2,,Mac. Robertson Land,13,0,-67.5208,61.7253,Wilson et al. (2009),NO,Presumed present,NA,NA,NA,NA,NA,NA,2008,3570,UNK,Wilson et al. (2009),UNK,,Cannot confirm colony existence based on available imagery which was of poor quality.,
Oliphant Island,48.2,SOSE,South Orkney Islands,Outside Landsat survey area,0,-60.7348,-45.588,Imagery,YES,New,1821.55,1167,"-5,512,121",N5,Imagery,2/17/2011,New colony,0,NA,New colony,New,,"No Adelie penguins have been previously reported here, and this could be a gentoo penguin colony, but spectral signature suggests Adelie penguins and so this location has been included for future reconsideration.",
Ongulkaven,58.4.2,,Queen Maud Land,Not in database,0,-69.0171,39.4252,Imagery,YES,Present,239.97,141,"-21,416",N5,Imagery,12/27/2008,1984,77,N1,Ishikawa et al. (1988),Likely increasing,,,
Outer Island,48.2,SOSE,South Orkney Islands,Outside Landsat survey area,0,-60.7069,-45.5806,Imagery,YES,Present,262.74,155,"-29,451",N5,Imagery,2/17/2011,No previous estimate available,No previous estimate available,NA,No previous estimate available,UNK,,Impossible to determine if these penguins are Adelie penguins as all three pygoscelid penguins breeding in the vicinity.,
Pageant Point,48.2,SOSE,South Orkney Islands,Outside Landsat survey area,0,-60.7286,-45.5843,Imagery,YES,Present,361.1,220,"-50,554",N5,Imagery,2/17/2011,1978,379,N1,Croxall and Kirkwood (1979),Likely decreasing,,,
Pantomime Point,48.2,SOSE,South Orkney Islands,Outside Landsat survey area,0,-60.7266,-45.5833,Imagery,YES,Present,1239.17,792,"-3,361,505",N5,Imagery,2/17/2011,1978,10250,N1,Croxall and Kirkwood (1979),Decreasing,,Used spectral information to distinguish Adelie penguin breeding areas but in some areas the Adelie penguins seem very low density so may have missed some areas with breeding Adelie penguins. Estimate here will be very approximate.,
Patella Island,48.1,APE,Graham Land,Outside Landsat survey area,0,-63.129,-55.523,Imagery,YES,Present,NA,NA,NA,NA,NA,NA,1960,1000,N5,Croxall and Kirkwood (1979),UNK,,Available imagery does not allow us to distinguish among multiple species of penguins breeding at this location.,
Paulet Island,48.1,APE,Graham Land,Outside Landsat survey area,18.71,-63.5779,-55.7775,Imagery,YES,Present,148744.76,107285,"-65,852,175,527",N5,Imagery,2/19/2011,1984,60000,A3,Woehler (1993),Likely increasing,,,
Peine Island,48.1,APE,Graham Land,Outside Landsat survey area,0,-63.411,-54.717,Imagery,YES,Present,5137.26,3311,"-18,055,564",N5,Imagery,1/22/2011,No previous estimate available,No previous estimate available,NA,The note in Croxall and Kirkwood (1979) suggests the presence of breeding Adelie penguins at Peine Island.,UNK,,,
Penguin Island,48.1,APBSE,Graham Land,Outside Landsat survey area,0,-62.1024,-57.9258,SCAR database,NO,Present,NA,231,"-219,243",N1,Lynch et al. (2013),12/6/2010,NA,NA,NA,NA,Decreasing,Lynch et al. 2012 / Lynch et al. (2013),,
Penguin Point (Seymour Is),48.1,APE,Graham Land,Outside Landsat survey area,0.75,-64.2966,-56.6961,Imagery,YES,Present,NA,16015,"-1,521,416,816",N2,Lynch et al. (2013),1/17/2008,1985,21954,N2,Woehler (1993),Decreasing,,,
Peter I Island,88.3,,Ellsworth Land,Not in database,0,-68.835,-90.4917,Imagery,YES,Present,21.88,2,"(0,98)",N5,Imagery,1/11/2011,UNK,69,UNK,Ainley (2002),Likely decreasing,,,
Petermann Island,48.1,APW,Graham Land,Outside Landsat survey area,1.22,-65.172,-64.135,Imagery,YES,Present,NA,239,"-227,251",N1,Lynch et al. (2013),12/5/2010,NA,NA,NA,NA,Decreasing,Lynch et al. (2010) / Lynch et al. (2012),,
Peterson Island,58.4.1,,Wilkes Land,77,0.93,-66.4665,110.4993,Imagery,YES,Present,47132.75,30448,"-1,851,650,020",N5,Imagery,1/30/2011,UNK,20453,UNK,Ainley (2002),No change,,,
Pink Pool Point,48.1,APEI,Graham Land,Outside Landsat survey area,0,-61.3107,-54.0726,Imagery,YES,Present,2819.2,1811,"-9,333,184",N5,Imagery,12/12/2006,1976,62,N1,Croxall and Kirkwood (1979),Increasing,,,
Plato Island,48.1,APE,Graham Land,Outside Landsat survey area,1.63,-63.433,-54.6742,Imagery,YES,Present,42568.27,27902,"-1,687,645,600",N5,Imagery,1/22/2011,No previous estimate available,No previous estimate available,NA,No previous estimate available,UNK,,,
Point Geologie,58.4.1,,Wilkes Land,49,0,-66.667,140,Imagery,YES,Present,60722.18,39237,"-2,380,164,336",N5,Imagery,2/15/2011,1999,43901,UNK,Micol and Jouventin (2001),No change,,,
Point Martin,48.2,SOSE,South Orkney Islands,Outside Landsat survey area,0,-60.7709,-44.7185,Imagery,YES,Present,34679.18,22350,"-1,343,336,700",N5,Imagery,2/25/2011,1994,26038,N2,Woehler and Croxall (1997),No change,,(Called Port Martin in Woehler and Croxell (1997) and several other sources.) Used spectral information to distinguish Adelie penguin breeding areas but in some areas the Adelie penguins were difficult to identify so may have missed some areas with breeding Adelie penguins. Any gentoo penguins and macaroni penguins breeding at this site may have been inadvertently included with the Adelie penguin breeding boundaries. Estimate here will be very approximate.,
Point Thomas,48.1,APBSE,Graham Land,Outside Landsat survey area,0.79,-62.1631,-58.4615,Imagery,YES,Present,4758.13,3082,"-16,925,223",N5,Imagery,1/16/2006,1979,17905,N1,Jablonski (1984),Decreasing,,Some of the area identified as Adelie may be chinstraps breeding but there are only a few hundred chinstraps so the potential overestimation is relatively minor.,
Port Charcot,48.1,APW,Graham Land,Outside Landsat survey area,0,-65.067,-64.026,Imagery,YES,Present,NA,11,"(10,12)",N1,Lynch et al. (2013),12/25/2010,NA,NA,NA,NA,Decreasing,,,
Port Martin,58.4.1,,Wilkes Land,127,0,-66.8113,141.3997,Imagery,YES,Present,59051.54,37994,"-2,347,562,350",N5,Imagery,2/5/2011,1997,20171,N2,Barbraud et al. 1999,Increasing,,,
Possession Island,88.1,,Victoria Land,550,0,-71.8946,171.1692,Imagery,YES,Present,259903.67,168583,"-101,993,270,483",N5,Imagery,1/12/2011,1986,142483,N2,Taylor et al. (1990),No change,,See also Lyver et al. (2014).,
Powell Island South Coast (incl. Michelsen Island),48.2,SOSE,South Orkney Islands,Outside Landsat survey area,0,-60.725,-45.029,Imagery,YES,Present,NA,NA,NA,NA,NA,NA,1983,24560,C3,Poncet and Poncet (1985),UNK,,The count reported from Poncet and Poncet (1985) is a sum of the Powell north and south locations. The available imagery clearly shows penguins but it is not posisble to distinguish among the three species that are breeding here.,
Proclamation Island,58.4.2,,Enderby Land,26,0,-65.8424,53.6876,Imagery,YES,Present,14355.68,9277,"-544,915,387",N5,Imagery,2/3/2011,UNK,5000,UNK,Ainley (2002),No change,,,
Rauer Islands,58.4.2,,Unknown,459,0.88,-68.8331,77.6765,Imagery,YES,Present,177787.24,115034,"-70,940,187,245",N5,Imagery,2/9/2011,UNK,103916,UNK,Ainley (2002),No change,,,
Red Island,48.1,APE,Graham Land,Outside Landsat survey area,7.46,-63.7356,-57.88,Imagery,YES,New,1491.64,1002,"-4,691,866",N5,Imagery,10/29/2006,No previous estimate available,No previous estimate available,NA,New colony,UNK,,"This colony does not appear to have been reported previously, but its location is sufficiently distant from previous surveys that we cannot determine if this is a new colonization or simply a new report of an existing colony.",
Red Rock Ridge,48.1,,Graham Land,Outside Landsat survey area,11.01,-68.2919,-67.1842,Imagery,YES,Present,7861.591692,5441,"-31,748,975",N5,Imagery,1/16/2010,1983,1820,C1,Parmalee and Parmalee (1987),Increasing,,,
Retour Island,58.4.1,,Wilkes Land,25,0,-66.767,141.5669,Imagery,YES,New,22791.95,14694,"-881,324,081",N5,Imagery,2/5/2011,New colony,0,NA,New colony,New,,,
Rhyolite Island,48.1,,Palmer Land,Outside Landsat survey area,0,-69.6488,-68.5709,Imagery,YES,Present,82.03,36,"(0,216)",N5,Imagery,2/6/2011,1989,35,N1,Woehler (1993),No change,,,
Robinson,58.4.2,,Mac. Robertson Land,4,0,-67.4543,63.4596,Imagery,YES,Present,963.83,609,"-2,441,227",N5,Imagery,12/28/2006,UNK,Thousands,UNK,Low et al. (2007),Likely decreasing,,,
Robinson NW,58.4.2,,Mac. Robertson Land,Not in database,0,-67.4489,63.413,Imagery,YES,Present,195.64,111,"-14,352",N5,Imagery,12/28/2006,No previous estimate available,No previous estimate available,NA,No previous estimate available,UNK,,,
Robinson SE,58.4.2,,Mac. Robertson Land,3,0,-67.4749,63.4956,Imagery,YES,Present,1254,800,"-3,371,538",N5,Imagery,12/28/2006,UNK,Hundreds,UNK,Low et al. (2007),Likely increasing,,,
Rookery Islands,58.4.2,,Mac. Robertson Land,230,0,-67.6044,62.5099,Imagery,YES,Present,67947.09,43989,"-2,668,172,222",N5,Imagery,2/11/2011,1988,44800,N2,Woehler (1993),No change,,,
Rumpa Island,58.4.2,,Queen Maud Land,2,0.23,-69.1441,39.3905,Hoshiai et al. (1984),NO,Not found,0,0,NA,NA,Imagery,2/21/2011,1982,1500,UNK,Hoshiai et al. (1984),Extinction,,This colony was not found at the location provided. ,
Sabrina/Chinstrap Islands,88.1,,Victoria Land,Outside Landsat survey area,0,-66.9171,163.3117,Imagery,YES,Present,377.67,228,"-54,576",N5,Imagery,12/6/2010,1984,3471,N3,Woehler (1993),Increasing,,,
Saunders Island,48.4,,South Sandwich Islands,Outside Landsat survey area,NA,-57.75,-26.45,Imagery,YES,Present,129495.4,83303,"-51,367,135,338",N5,Imagery,12/19/2010,1997,50000,UNK,Convey et al. (1999),No change,,"This colony also referred to as ""Ashen Hills"".",
Saxum Nunatak,48.1,APE,Graham Land,Outside Landsat survey area,0.84,-63.141,-56.045,Imagery,NO,UNK,NA,NA,NA,NA,NA,NA,2005,150,N4,Lynch et al. (2013),UNK,,Available imagery too cloudy and location too unertain to confirm the existance or size of this colony.,
Scullin/Murray,58.4.2,,Mac. Robertson Land,95,8.9,-67.7833,66.6968,Imagery,YES,Present,80334.67,54499,"-3,298,489,291",N5,Imagery,1/26/2011,UNK,69500,UNK,Ainley (2002),No change,,,
SE Fisher Bay,58.4.1,,Victoria Land,Not in database,0,-67.5949,146.0809,Imagery,YES,Present,36.91,9,"(0,129)",N5,Imagery,2/3/2012,No previous estimate available,No previous estimate available,NA,No previous estimate available,UNK,,,
Sentry Rocks,88.1,,Victoria Land,Not in database,0,-70.7543,167.4046,Imagery,YES,Present,556.83,344,"-107,751",N5,Imagery,12/4/2011,UNK,119,UNK,Ainley (2002),Likely increasing,,,
Sheelagh Islands,58.4.2,,Enderby Land,21,0,-66.5464,50.1804,Imagery,YES,New,11781.68,7587,"-446,212,419",N5,Imagery,1/26/2010,New colony,0,NA,New colony,New,,,
Shepard Island,88.2,,Marie Byrd Land,119,5.08,-74.3773,-132.5519,Imagery,YES,Present,43489.08,28934,"-1,745,447,659",N5,Imagery,12/28/2010,UNK,40000,UNK,Ainley (2002),No change,,,
Sheppard Nunatak,48.1,APE,Graham Land,Outside Landsat survey area,0,-63.3629,-57.0154,Imagery,YES,New,2379.31,1523,"-7,752,732",N5,Imagery,1/8/2005,New colony,0,NA,New colony,New,,,
Sheppard Point,48.1,APE,Graham Land,Outside Landsat survey area,0,-63.3707,-56.9844,Imagery,YES,New,4932.61,3182,"-17,745,476",N5,Imagery,1/8/2005,New colony,0,NA,New colony,New,,,
Shingle Cove (Coronation Is),48.2,SOSE,South Orkney Islands,Outside Landsat survey area,0,-60.6494,-45.5686,Imagery,YES,Present,3888.054817,2508,"-13,514,293",N5,Imagery,1/17/2012,1978,3000,N4,Croxall and Kirkwood (1979),No change,,,
Shirley/Beall,58.4.1,,Wilkes Land,50,2.24,-66.283,110.5,Imagery,YES,Present,20894.22,13658,"-816,322,603",N5,Imagery,1/30/2011,1989,12861,N2,Woehler et al. (1991),No change,,,
Sims Island,88.3,,Palmer Land,62,0,-73.2725,-78.5407,Imagery,YES,New,22799.44,14784,"-888,824,254",N5,Imagery,12/5/2012,No previous estimate available,No previous estimate available,NA,New colony,UNK,,"This colony does not appear to have been reported previously, but its location is sufficiently distant from previous surveys that we cannot determine if this is a new colonization or simply a new report of an existing colony.",
Smiggers Island,48.1,APW,Graham Land,Outside Landsat survey area,0,-65.4597,-65.3494,Imagery,YES,Present,NA,452,"-429,475",N1,Lynch et al. (Unpublished),1/7/2013,NA,NA,NA,NA,UNK,,,
South of Martin Islands,48.1,APW,Graham Land,Outside Landsat survey area,0,-65.6856,-65.338,Imagery,YES,Present,NA,477,"-453,501",N1,Lynch et al. (Unpublished),1/8/2013,NA,NA,NA,NA,Decreasing,,,
South Svenner,58.4.2,,Unknown,57,0,-69.1341,76.7442,Imagery,YES,New,742.19,462,"-168,959",N5,Imagery,12/29/2008,No previous estimate available,No previous estimate available,NA,New colony,UNK,,"This colony does not appear to have been reported previously, but its location is sufficiently distant from previous surveys that we cannot determine if this is a new colonization or simply a new report of an existing colony.",
Spindrift Rocks,48.2,SOSE,South Orkney Islands,Outside Landsat survey area,0,-60.683,-45.644,Imagery,YES,Present,1615.99,1034,"-4,841,928",N5,Imagery,2/17/2011,1978,7021,UNK,Croxall et al. (1981),Decreasing,,It was difficult to identify the penguins breeding at this location and there may be chinstap penguins inadvertently included with the Adelie penguin breeding boundaries.,
Stanton Continental Rock,58.4.2,,Mac. Robertson Land,6,0,-67.5342,61.7175,Wilson et al. (2009),NO,Presumed present,NA,NA,NA,NA,NA,NA,2008,3227,UNK,Wilson et al. (2009),UNK,,Cannot confirm colony existence based on available imagery which was of poor quality.,
Stanton Unnamed,58.4.2,,Mac. Robertson Land,Not in database,0,-67.5078,61.5978,Wilson et al. (2009),NO,Presumed present,NA,NA,NA,NA,NA,NA,2008,801,UNK,Wilson et al. (2009),UNK,,Cannot confirm colony existence based on available imagery which was of poor quality.,
Steines Island,58.4.2,,Unknown,3,0,-69.3412,76.5825,Imagery,YES,Present,700.32,434,"-150,931",N5,Imagery,2/9/2011,UNK,1176,UNK,Ainley (2002),Likely decreasing,,,
Stene Point,48.2,SOSE,South Orkney Islands,Outside Landsat survey area,0,-60.654,-45.707,Imagery,NO,Not found,0,0,NA,NA,Imagery,2/17/2011,1984,1500,N3,Poncet and Poncet (1985),See notes,,"No penguins could be identified at this location but a few tiny breeding groups were identified 1 km northwest of STEN (see ""1 km west of Stene Point"")",
Stranger Point,48.1,APBSE,Graham Land,Outside Landsat survey area,0,-62.2601,-58.6177,Imagery,YES,Present,7827.57,5043,"-29,048,454",N5,Imagery,1/16/2006,1988,14554,N2,Aguirre (1995),Decreasing,,Adelie breeding areas were distinguished from other species based on maps from Aguirre (1995),
Sturge Island,88.1,,Victoria Land,Not in database,0,-67.467,164.633,Ainley (2002),NO,UNK,NA,NA,NA,NA,NA,NA,UNK,10,UNK,Ainley (2002),UNK,,No good imagery available.,
Sven Foyn Island,88.1,,Victoria Land,85,0,-71.956,171.0695,Imagery,YES,Present,45458,29270,"-1,784,947,424",N5,Imagery,1/12/2011,1990,19587,N2,Woehler and Croxall (1997),Likely increasing,,See also Lyver et al. (2014).,
Svenner Island,58.4.2,,Unknown,51,0,-69.0341,76.8346,Imagery,YES,Present,3449.61,2213,"-11,683,884",N5,Imagery,12/29/2008,UNK,41389 (total between Brattstrand and Svenner),UNK,Ainley (2002),UNK,,"Ainley (2002) report 41,389 breeding pairs between Brattstrand Bluff and Svenner Island. This area is ONLY for Svenner Island. Brattstrand had no good imagery.",
Tay Head (Joinville Is),48.1,APE,Graham Land,Outside Landsat survey area,0,-63.351,-55.554,Imagery,YES,Present,NA,4156,"-35,334,779",N3,Lynch et al. (2013),12/23/2010,NA,NA,NA,NA,Decreasing,Lynch et al. (2013),,
Tenmondai Rock,58.4.2,,Queen Maud Land,Not in database,2.49,-68.4445,41.701,Imagery,YES,Present,157.11,86,"-8,318",N5,Imagery,2/11/2011,1981,96,N1,Hoshiai et al. (1984),No change,,,
Terra Nova Bay,88.1,,Victoria Land,29,0.25,-74.7682,164.0194,Imagery,YES,Present,19745.37,12692,"-760,421,220",N5,Imagery,1/29/2012,1991,7899,N2,Woehler and Croxall (1997),Likely increasing,,See also Lyver et al. (2014).,
The Wallows,48.2,SOSE,South Orkney Islands,Outside Landsat survey area,0,-60.6919,-45.6048,Imagery,YES,New,1198.58,764,"-3,261,471",N5,Imagery,2/17/2011,New colony,0,NA,New colony,New,,No penguins previously reported here but imagery suggests both Adelie penguins and chinstrap penguins breeding at this location;  Adelie penguin breeding areas were preliminarily identified based on spectral information.,
Thorgaut,58.4.2,,Mac. Robertson Land,Not in database,0,-67.4425,63.5433,Imagery,YES,Present,1429.47,917,"-4,071,706",N5,Imagery,12/28/2006,UNK,Thousands,UNK,Low et al. (2007),No change,,,
Three Sisters,48.1,APBSE,Graham Land,Outside Landsat survey area,0.1,-62.0738,-57.914,Imagery,YES,Present,692.39,438,"-151,917",N5,Imagery,2/11/2007,1982,6822,UNK,Trivelpiece et al. (1987),Decreasing,,,
Thule Island,48.4,,South Sandwich Islands,Outside Landsat survey area,NA,-59.467,-27.25,Lynch et al. (Unpublished),NO,Present,NA,NA,NA,NA,NA,NA,1997,10000,UNK,Convey et al. (1999),UNK,,"Available imagery too cloudy for population estimation. The site with penguins breeding here is also referred to as ""Hewison Point"".",
Torgersen Island,48.1,APW,Graham Land,Outside Landsat survey area,0,-64.7721,-64.0749,Imagery,YES,Present,1812.69,1157,"-5,542,111",N5,Imagery,1/16/2008,1986,8528,UNK,Heimark and Heimark (1988),Decreasing,,,Normal
Torinosu Cove,58.4.2,,Queen Maud Land,Not in database,0.21,-69.4833,39.5667,Ainley (2002),NO,Extinct,0,0,NA,NA,Imagery,2/11/2010,1982,105,N1,Hoshiai et al. (1984),Extinction,,Unable to locate colony in the available imagery.,
Trundle Island,48.1,APW,Graham Land,Outside Landsat survey area,0,-65.401,-65.302,Imagery,YES,Present,NA,347,"-330,364",N1,Lynch et al. (Unpublished),1/7/2013,NA,NA,NA,NA,UNK,,,
Turret Point (King George Is),48.1,APBSE,Graham Land,Outside Landsat survey area,0.05,-62.083,-57.95,AAD shapefile,YES,Present,NA,170,"-162,179",N1,Lynch et al. (2013),12/6/2010,NA,NA,NA,NA,Decreasing,Lynch et al. (2013),,
Two islets next to Winkle Island,48.1,APW,Graham Land,Outside Landsat survey area,0,-65.52,-65.686,Imagery,YES,Present,NA,32,"(30,34)",N1,Lynch et al. (Unpublished),1/7/2013,NA,NA,NA,NA,UNK,,,
Tyrne/Long Peninsula,58.4.2,,Unknown,112,0.23,-68.3809,78.4125,Imagery,YES,Present,21276.38,13789,"-827,722,466",N5,Imagery,12/14/2011,UNK,24229,UNK,Ainley (2002),Likely decreasing,,,
Ufs Island,58.4.2,,Mac. Robertson Land,5,0.11,-67.4694,61.1406,Imagery,YES,Present,3031.6,1942,"-10,083,443",N5,Imagery,1/6/2009,1972,850,UNK,Horne (1983),Likely increasing,,,
Unger Island,88.1,,Victoria Land,Not in database,0,-70.6811,166.919,Imagery,YES,Present,500.93,305,"-92,716",N5,Imagery,2/12/2011,1985,166,N2,Taylor et al. (1990),No change,,,
Unnamed 2,58.4.2,,Mac. Robertson Land,Not in database,0,-67.4402,63.5435,Low et al. (2007),NO,UNK,NA,NA,NA,NA,NA,NA,No previous estimate available,No previous estimate available,NA,No previous estimate available,UNK,,"Although the imagery available (dated 12/28/2006) was of sufficient quality to detect penguin colonies, the colony noted by Low et al. (2007) at this location was not found.",
Unnamed 7,58.4.2,,Mac. Robertson Land,8,0,-67.4475,63.3336,Imagery,YES,Present,8800.93,5669,"-32,719,441",N5,Imagery,2/9/2011,No previous estimate available,No previous estimate available,NA,No previous estimate available,UNK,,There was no imagery of sufficient quality to make a determination regarding this colony.,
Unnamed Island PE 2 North,58.4.2,,Unknown,26,0,-68.9013,77.7162,Imagery,YES,Present,10644.12,6893,"-403,311,491",N5,Imagery,2/9/2011,No previous estimate available,No previous estimate available,NA,No previous estimate available,UNK,,,
Unnnamed Island PE 1,58.4.2,,Unknown,48,0,-68.767,77.7506,Southwell and Emmerson (2013),NO,Presumed present,NA,NA,NA,NA,NA,NA,No previous estimate available,No previous estimate available,NA,No previous estimate available,UNK,,,
Unnnamed Island PE 2,58.4.2,,Unknown,Not in database,0.05,-68.9012,77.736,Imagery,YES,Present,87.2,40,"-1,218",N5,Imagery,12/14/2011,No previous estimate available,No previous estimate available,NA,No previous estimate available,UNK,,,
Unnnamed Island PE 3,58.4.2,,Unknown,Not in database,0.35,-68.4419,78.211,Imagery,YES,Present,217.72,123,"-17,384",N5,Imagery,12/14/2011,No previous estimate available,No previous estimate available,NA,No previous estimate available,UNK,,,
Vestfold North,58.4.2,,Unknown,207,0.58,-68.4842,78.0954,Imagery,YES,Present,70444.82,45497,"-2,747,573,759",N5,Imagery,12/26/2012,UNK,37510,UNK,Ainley (2002),No change,,,
Vestfold South,58.4.2,,Unknown,417,0,-68.5883,77.9227,Imagery,YES,Present,157586.01,101297,"-62,362,166,066",N5,Imagery,2/10/2012,UNK,132049,UNK,Ainley (2002),No change,,This may be considered a collection of small colonies.,
Vieugue Island,48.1,APW,Graham Land,Outside Landsat survey area,3.09,-65.6503,-65.2258,Imagery,YES,Present,NA,360,"-342,378",N1,Lynch et al. (Unpublished),1/8/2013,NA,NA,NA,NA,Decreasing,,,
Vortex Island,48.1,APE,Graham Land,Outside Landsat survey area,0,-63.7257,-57.6415,Imagery,YES,Present,4149.33,2665,"-14,394,558",N5,Imagery,2/11/2011,2008,4319,N2,Lynch et al. (2013),Likely decreasing,,,
Watson Peninsula (East Coast),48.2,SONE,South Orkney Islands,Outside Landsat survey area,0,-60.6761,-44.5436,Imagery,YES,Present,7194.74,4653,"-26,627,840",N5,Imagery,2/25/2011,1994,462,N1,Woehler and Croxall 1997,Increasing,,Used spectral information to distinguish Adelie penguin breeding areas from chinstrap penguin breeding areas.,
Watt Bay,58.4.1,,Victoria Land,13,1.12,-66.9949,144.2854,Imagery,YES,Present,4326.4,2797,"-15,554,758",N5,Imagery,1/10/2012,1982,1850,C5,Wilson (1983),No change,,,
Way Archipelago,58.4.1,,Victoria Land,41,0,-66.8571,143.5895,Imagery,YES,Present,9315.06,5997,"-347,710,056",N5,Imagery,11/21/2011,1981,480,UNK,Ensor and Bassett (1987),Increasing,,See note for Cape Pigeon Rocks. ,
Weddell Island,48.2,SONE,South Orkney Islands,Outside Landsat survey area,0,-60.6359,-44.8479,Imagery,YES,Present,44321.44,28507,"-1,735,047,277",N5,Imagery,2/25/2011,No previous estimate available,No previous estimate available,NA,No previous estimate available,UNK,,This colony has been reported to have several hundred gentoo penguins but we have delineated all the penguin breeding areas since it is not possible to separate the gentoo penguins in the available imagery and the vast majority of breeding penguins are Adelie penguins.,
Weller Island,48.1,APW,Graham Land,Outside Landsat survey area,0.05,-65.443,-65.3697,Imagery,YES,Present,NA,4,"(4,4)",N1,Lynch et al. (Unpublished),1/7/2013,NA,NA,NA,NA,UNK,,,
Wide Open,48.1,APBSE,Graham Land,Outside Landsat survey area,0.05,-63.004,-55.848,Imagery,YES,Presumed present,NA,NA,NA,NA,Imagery,12/22/2010,1960,100,UNK,Croxall and Kirkwood (1979),UNK,,Available imagery does not allow us to distinguish among multiple species of penguins breeding at this location.,
Wood Bay,88.1,,Victoria Land,Not in database,18.25,-74.3299,165.1332,Imagery,YES,Present,3183.52,2292,"-12,183,994",N5,Imagery,1/27/2011,1995,1995,N1,Woehler and Croxall (1997),No change,,See also Lyver et al. (2014).,
Worley Point,88.2,,Marie Byrd Land,56,0,-74.4057,-132.777,Imagery,YES,Present,16282.5,10481,"-619,617,123",N5,Imagery,12/28/2010,No previous estimate available,No previous estimate available,NA,No previous estimate available,UNK,,,
Wyatt Earp Islands,58.4.2,,Unknown,1,0,-68.3569,78.5385,Imagery,YES,Present,1614.51,1028,"-4,791,900",N5,Imagery,12/14/2011,1963,7500,A3,Horne (1983),Decreasing,,,
Yalour Islands,48.1,APW,Graham Land,Outside Landsat survey area,0,-65.2421,-64.1558,Imagery,YES,Present,NA,2411,"-22,902,532",N1,Lynch et al. (Unpublished),1/6/2013,NA,NA,NA,NA,Decreasing,Lynch et al. (2012) / Lynch et al. (2013),,
Young Island,88.1,,Victoria Land,Not in database,NA,-66.4167,162.4,Ainley (2002),NO,UNK,NA,NA,NA,NA,NA,NA,No previous estimate available,No previous estimate available,NA,No previous estimate available,UNK,,No good imagery available.,
Ytrehovdeholmen,58.4.2,,Queen Maud Land,Not in database,0,-69.2167,39.4333,Hoshiai et al. (1984),NO,Extinct,0,0,NA,NA,Imagery,2/10/2011,1982,56,A1,Hoshiai et al. (1984),Extinction,,,
